Lat,Lon,Title,rank,Country,2021 pop.,2020 pop.,Growth,popDiff,popChg
35.6828387,139.7594549,Tokyo,1,Japan,37339804,37393128,-0.0014,53324,declined
28.6517178,77.2219388,Delhi,2,India,31181376,30290936,0.0294,890440,grew
31.2322758,121.4692071,Shanghai,3,China,27795702,27058480,0.0272,737222,grew
-23.5506507,-46.6333824,Sao Paulo,4,Brazil,22237472,22043028,0.0088,194444,grew
19.4326296,-99.1331785,Mexico City,5,Mexico,21918936,21782378,0.0063,136558,grew
23.7861979,90.4026151,Dhaka,6,Bangladesh,21741090,21005860,0.035,735230,grew
30.0443879,31.2357257,Cairo,7,Egypt,21322750,20900604,0.0202,422146,grew
39.906217,116.3912757,Beijing,8,China,20896820,20462610,0.0212,434210,grew
19.0759899,72.8773928,Mumbai,9,India,20667656,20411274,0.0126,256382,grew
34.6198813,135.490357,Osaka,10,Japan,19110616,19165340,-0.0029,54724,declined
24.8546842,67.0207055,Karachi,11,Pakistan,16459472,16093786,0.0227,365686,grew
29.5647398,106.5478767,Chongqing,12,China,16382376,15872179,0.0321,510197,grew
41.0096334,28.9651646,Istanbul,13,Turkey,15415197,15190336,0.0148,224861,grew
-34.6075682,-58.4370894,Buenos Aires,14,Argentina,15257673,15153729,0.0069,103944,grew
22.5414185,88.3576912,Kolkata,15,India,14974073,14850066,0.0084,124007,grew
-4.3217055,15.3125974,Kinshasa,16,DR Congo,14970460,14342439,0.0438,628021,grew
6.4550575,3.3941795,Lagos,17,Nigeria,14862111,14368332,0.0344,493779,grew
14.5907332,120.9809674,Manila,18,Philippines,14158573,13923452,0.0169,235121,grew
39.0856735,117.1951073,Tianjin,19,China,13794450,13589078,0.0151,205372,grew
23.1301964,113.2592945,Guangzhou,20,China,13635397,13301532,0.0251,333865,grew
-22.9110137,-43.2093727,Rio de Janeiro,21,Brazil,13544462,13458075,0.0064,86387,grew
31.5656822,74.3141829,Lahore,22,Pakistan,13095166,12642423,0.0358,452743,grew
12.9767936,77.590082,Bangalore,23,India,12764935,12326532,0.0356,438403,grew
55.7504461,37.6174943,Moscow,24,Russia,12593252,12537954,0.0044,55298,grew
22.555454,114.0543297,Shenzhen,25,China,12591696,12356820,0.019,234876,grew
13.0836939,80.270186,Chennai,26,India,11235018,10971108,0.0241,263910,grew
4.6533326,-74.083652,Bogota,27,Colombia,11167392,10978360,0.0172,189032,grew
48.8588897,2.320041,Paris,28,France,11078546,11017230,0.0056,61316,grew
-6.1753942,106.827183,Jakarta,29,Indonesia,10915364,10770487,0.0135,144877,grew
-12.0621065,-77.0365256,Lima,30,Peru,10882757,10719188,0.0153,163569,grew
13.7525438,100.4934734,Bangkok,31,Thailand,10722815,10539415,0.0174,183400,grew
17.360589,78.4740613,Hyderabad,32,India,10268653,10004144,0.0264,264509,grew
37.5666791,126.9782914,Seoul,33,South Korea,9967677,9963452,0.0004,4225,grew
35.1851045,136.8998438,Nagoya,34,Japan,9565642,9552132,0.0014,13510,grew
51.5073219,-0.1276474,London,35,United Kingdom,9425622,9304016,0.0131,121606,grew
30.6598628,104.0633717,Chengdu,36,China,9305116,9135768,0.0185,169348,grew
35.6892523,51.3896004,Tehran,37,Iran,9259009,9134708,0.0136,124301,grew
32.0437711,118.7788734,Nanjing,38,China,9143980,8847372,0.0335,296608,grew
10.7715512,106.6983801,Ho Chi Minh City,39,Vietnam,8837544,8602317,0.0273,235227,grew
-8.8272699,13.2439512,Luanda,40,Angola,8631876,8329798,0.0363,302078,grew
30.5951051,114.2999353,Wuhan,41,China,8473405,8364977,0.013,108428,grew
34.3430507,108.9350839,Xi-an Shaanxi,42,China,8274651,8000965,0.0342,273686,grew
23.0216238,72.5797068,Ahmedabad,43,India,8253226,8059441,0.024,193785,grew
40.7127281,-74.0060152,New York City,44,United States,8230290,8283550,-0.0064,53260,declined
3.1516964,101.6942371,Kuala Lumpur,45,Malaysia,8210745,7996830,0.0267,213915,grew
30.2489634,120.2052342,Hangzhou,46,China,7845501,7642147,0.0266,203354,grew
22.2793278,114.1628131,Hong Kong,47,Hong Kong,7598189,7547652,0.0067,50537,grew
45.9383,3.2553,Surat,48,India,7489742,7184590,0.0425,305152,grew
23.0205969,113.7457788,Dongguan,49,China,7451889,7407852,0.0059,44037,grew
31.3016935,120.5810725,Suzhou,50,China,7427096,7069992,0.0505,357104,grew
23.0247687,113.1146335,Foshan,51,China,7406751,7326852,0.0109,79899,grew
24.638916,46.7160104,Riyadh,52,Saudi Arabia,7387817,7231447,0.0216,156370,grew
41.6749893,123.458674,Shenyang,53,China,7373655,7220104,0.0213,153551,grew
33.3024309,44.3787992,Baghdad,54,Iraq,7323079,7144260,0.025,178819,grew
-6.8160837,39.2803583,Dar es Salaam,55,Tanzania,7046892,6701650,0.0515,345242,grew
9.8694792,-83.7980749,Santiago,56,Chile,6811595,6767223,0.0066,44372,grew
18.521428,73.8544541,Pune,57,India,6807984,6629347,0.0269,178637,grew
40.4167047,-3.7035825,Madrid,58,Spain,6668865,6617513,0.0078,51352,grew
45.7988273,126.5303997,Haerbin,59,China,6526439,6387195,0.0218,139244,grew
43.6534817,-79.3839347,Toronto,60,Canada,6254571,6196731,0.0093,57840,grew
-19.9227318,-43.9450948,Belo Horizonte,61,Brazil,6139774,6084430,0.0091,55344,grew
1.357107,103.8194992,Singapore,62,Singapore,5991801,5935053,0.0096,56748,grew
15.5635972,32.5349123,Khartoum,63,Sudan,5989024,5828858,0.0275,160166,grew
-26.205,28.049722,Johannesburg,64,South Africa,5926668,5782747,0.0249,143921,grew
38.9181714,121.6282945,Dalian,65,China,5775938,5617849,0.0281,158089,grew
36.0638034,120.3781372,Qingdao,66,China,5742486,5619977,0.0218,122509,grew
41.3828939,2.1774322,Barcelona,67,Spain,5624498,5585556,0.007,38942,grew
33.6251241,130.6180016,Fukuoka,68,Japan,5516158,5528632,-0.0023,12474,declined
36.6507007,117.1140042,Ji-nan Shandong,69,China,5513597,5360185,0.0286,153412,grew
34.7487244,113.6191483,Zhengzhou,70,China,5510341,5322696,0.0353,187645,grew
59.938732,30.316229,Saint Petersburg,71,Russia,5504305,5467808,0.0067,36497,grew
16.7967129,96.1609916,Yangon,72,Myanmar,5421806,5331800,0.0169,90006,grew
31.199004,29.894378,Alexandria,73,Egypt,5381101,5280664,0.019,100437,grew
5.320357,-4.016107,Abidjan,74,Ivory Coast,5354826,5202762,0.0292,152064,grew
20.6720375,-103.338396,Guadalajara,75,Mexico,5259296,5179479,0.0154,79817,grew
39.9207886,32.8540482,Ankara,76,Turkey,5215747,5117603,0.0192,98144,grew
22.3364709,91.8260479,Chittagong,77,Bangladesh,5132751,5019824,0.0225,112927,grew
-37.8142176,144.9631608,Melbourne,78,Australia,5061439,4967733,0.0189,93706,grew
9.0107934,38.7612525,Addis Ababa,79,Ethiopia,5005524,4793699,0.0442,211825,grew
-33.768528,150.956856,Sydney,80,Australia,4991654,4925987,0.0133,65667,grew
25.6802019,-100.315258,Monterrey,81,Mexico,4955506,4874095,0.0167,81411,grew
-1.2832533,36.8172449,Nairobi,82,Kenya,4922192,4734881,0.0396,187311,grew
21.0294498,105.8544441,Hanoi,83,Vietnam,4874982,4678198,0.0421,196784,grew
-10.3333333,-53.2,Brasilia,84,Brazil,4727902,4645843,0.0177,82059,grew
-33.928992,18.417396,Cape Town,85,South Africa,4709990,4617560,0.02,92430,grew
21.5810088,39.1653612,Jiddah,86,Saudi Arabia,4696535,4610176,0.0187,86359,grew
28.2302056,112.9335861,Changsha,87,China,4694722,4577723,0.0256,116999,grew
24.8843019,102.8324209,Kunming,88,China,4550831,4443186,0.0242,107645,grew
43.419754,87.319461,Urumqi,89,China,4543684,4368865,0.04,174819,grew
43.8130735,125.3171216,Changchun,90,China,4520695,4425761,0.0215,94934,grew
31.8644668,119.9562502,Xinbei,91,Taiwan,4434905,4398383,0.0083,36522,grew
23.356377,116.6775918,Shantou,92,China,4407928,4327316,0.0186,80612,grew
31.8228094,117.2218033,Hefei,93,China,4371005,4241514,0.0305,129491,grew
34.5260109,69.1776838,Kabul,94,Afghanistan,4335770,4221532,0.0271,114238,grew
41.8933203,12.4829321,Rome,95,Italy,4278350,4257056,0.005,21294,grew
29.8622194,121.6203873,Ningbo,96,China,4263843,4116209,0.0359,147634,grew
32.0852997,34.7818064,Tel Aviv,97,Israel,4263745,4181479,0.0197,82266,grew
45.5031824,-73.5698065,Montreal,98,Canada,4247446,4220566,0.0064,26880,grew
38.0429742,114.5088385,Shijiazhuang,99,China,4199392,4114393,0.0207,84999,grew
-8.0584933,-34.8848193,Recife,100,Brazil,4174774,4127091,0.0116,47683,grew
3.8689867,11.5213344,Yaounde,101,Cameroon,4164167,3992411,0.043,171756,grew
-30.0324999,-51.2303767,Porto Alegre,102,Brazil,4160682,4137417,0.0056,23265,grew
-3.7304512,-38.5217989,Fortaleza,103,Brazil,4119633,4073465,0.0113,46168,grew
49.1813403,-0.3635615,Kano,104,Nigeria,4103015,3999050,0.026,103965,grew
6.2443382,-75.573553,Medellin,105,Colombia,4033783,4000263,0.0084,33520,grew
26.9154576,75.8189817,Jaipur,106,India,4007505,3909333,0.0251,98172,grew
34.0536909,-118.242766,Los Angeles,107,United States,3983540,3981560,0.0005,1980,grew
37.870009,112.5452739,Taiyuan Shanxi,108,China,3975985,3891127,0.0218,84858,grew
22.8193063,108.3627211,Nanning,109,China,3974322,3859608,0.0297,114714,grew
-26.184765,28.3210725,Ekurhuleni,110,South Africa,3969937,3894262,0.0194,75675,grew
13.8000382,-88.9140683,Salvador,111,Brazil,3880314,3839076,0.0107,41238,grew
33.5950627,-7.6187768,Casablanca,112,Morocco,3793585,3752357,0.011,41228,grew
4.0429408,9.706203,Douala,113,Cameroon,3793363,3663227,0.0355,130136,grew
24.4801069,118.0853479,Xiamen,114,China,3790792,3720141,0.019,70651,grew
26.8381,80.9346001,Lucknow,115,India,3764619,3676515,0.024,88104,grew
26.0774954,119.2918215,Fuzhou Fujian,116,China,3764559,3685701,0.0214,78858,grew
31.8122623,119.9691539,Changzhou,117,China,3749712,3625328,0.0343,124384,grew
11.2450558,75.7754716,Kozhikode,118,India,3742198,3555411,0.0525,186787,grew
-25.4295963,-49.2712724,Curitiba,119,Brazil,3726050,3678732,0.0129,47318,grew
27.9963899,120.695345,Wenzhou,120,China,3725342,3623646,0.0281,101696,grew
28.687547,115.8540042,Nanchang,121,China,3709958,3598421,0.031,111537,grew
7.3777462,3.8972497,Ibadan,122,Nigeria,3649023,3551961,0.0273,97062,grew
11.1068448,76.1099551,Malappuram,123,India,3608928,3391277,0.0642,217651,grew
52.5170365,13.3888599,Berlin,124,Germany,3566791,3562038,0.0013,4753,grew
39.6295591,118.1738665,Tangshan Hebei,125,China,3562719,3425638,0.04,137081,grew
31.4220558,73.0923253,Faisalabad,126,Pakistan,3542020,3462295,0.023,79725,grew
-18.9100122,47.5255809,Antananarivo,127,Madagascar,3531887,3368585,0.0485,163302,grew
-6.2349858,106.9945444,Bekasi,128,Indonesia,3510050,3394273,0.0341,115777,grew
6.698081,-1.6230404,Kumasi,129,Ghana,3490030,3348062,0.0424,141968,grew
0.3177137,32.5813539,Kampala,130,Uganda,3469510,3298364,0.0519,171146,grew
35.1799528,129.0752365,Busan,131,South Korea,3465946,3465190,0.0002,756,grew
9.0643305,7.4892974,Abuja,132,Nigeria,3464123,3277740,0.0569,186383,grew
25.7561647,112.72964,Guiyang,133,China,3407463,3317110,0.0272,90353,grew
-25.2800459,-57.6343814,Asuncion,134,Paraguay,3394309,3336562,0.0173,57747,grew
18.4801972,-69.942111,Santo Domingo,135,Dominican Republic,3388809,3317784,0.0214,71025,grew
-22.90556,-47.06083,Campinas,136,Brazil,3343816,3300794,0.013,43022,grew
31.4933074,120.3074357,Wuxi,137,China,3315113,3256020,0.0181,59093,grew
36.2974945,59.6059232,Mashhad,138,Iran,3264101,3208336,0.0174,55765,grew
18.833333,-98,Puebla,139,Mexico,3244710,3194848,0.0156,49862,grew
14.693425,-17.447938,Dakar,140,Senegal,3229800,3140442,0.0285,89358,grew
10.5256264,76.2132542,Thrissur,141,India,3212604,3068164,0.0471,144440,grew
9.931308,76.2674136,Kochi,142,India,3193029,3082055,0.036,110974,grew
29.3797091,47.9735629,Kuwait City,143,Kuwait,3177315,3114553,0.0202,62762,grew
-29.861825,31.009909,Durban,144,South Africa,3176254,3158313,0.0057,17941,grew
4.7676576,7.0188527,Port Harcourt,145,Nigeria,3171076,3020232,0.0499,150844,grew
36.0620781,103.8318566,Lanzhou,146,China,3153808,3080522,0.0238,73286,grew
26.4609135,80.3217588,Kanpur,147,India,3153425,3123990,0.0094,29435,grew
37.9839412,23.7283052,Athens,148,Greece,3153255,3153355,0,100,declined
45.4641943,9.1896346,Milan,149,Italy,3144473,3140181,0.0014,4292,grew
22.7203616,75.8681996,Indore,150,India,3113445,3016713,0.0321,96732,grew
39.0167979,125.7473609,Pyongyang,151,North Korea,3108108,3084244,0.0077,23864,grew
15.260691,44.424895,Sanaa,152,Yemen,3075257,2972988,0.0344,102269,grew
-2.2895167,-80.0983887,Guayaquil,153,Ecuador,3042941,2994218,0.0163,48723,grew
38.4147331,27.1434119,Izmir,154,Turkey,3024020,2992953,0.0104,31067,grew
50.4500336,30.5241361,Kiev,155,Ukraine,3000604,2988176,0.0042,12428,grew
14.6222328,-90.5185188,Guatemala City,156,Guatemala,2983174,2934841,0.0165,48333,grew
-7.2459717,112.7378266,Surabaya,157,Indonesia,2972091,2944403,0.0094,27688,grew
38.7077507,-9.1365919,Lisbon,158,Portugal,2971587,2956879,0.005,14708,grew
10.506098,-66.9146017,Caracas,159,Venezuela,2945858,2938992,0.0023,6866,grew
22.5213807,113.3656141,Zhongshan,160,China,2941522,2913974,0.0095,27548,grew
21.1498134,79.0820556,Nagpur,161,India,2940487,2893455,0.0163,47032,grew
34.979149,138.38299,Shizuoka,162,Japan,2930341,2922320,0.0027,8021,grew
25.2653471,55.2924914,Dubai,163,United Arab Emirates,2921376,2878344,0.015,43032,grew
12.3681873,-1.5270944,Ouagadougou,164,Burkina Faso,2914619,2780331,0.0483,134288,grew
-15.4164488,28.2821535,Lusaka,165,Zambia,2905993,2774133,0.0475,131860,grew
11.0018115,76.9628425,Coimbatore,166,India,2860445,2786600,0.0265,73845,grew
18.547327,-72.3395928,Port-au-Prince,167,Haiti,2843925,2773553,0.0254,70372,grew
-6.4071903,106.8158348,Depok,168,Indonesia,2836941,2727209,0.0402,109732,grew
36.583333,114.483333,Handan,169,China,2824345,2726835,0.0358,97510,grew
37.456,126.7052,Incheon,170,South Korea,2818288,2801039,0.0062,17249,grew
3.4517923,-76.5324943,Cali,171,Colombia,2809508,2781980,0.0099,27528,grew
36.7753606,3.0601882,Algiers,172,Algeria,2809158,2767661,0.015,41497,grew
33.5524785,119.1075773,Huaian,173,China,2770106,2655320,0.0432,114786,grew
53.4794892,-2.2451148,Manchester,174,United Kingdom,2750120,2730076,0.0073,20044,grew
-16.680882,-49.2532691,Goiania,175,Brazil,2747887,2690011,0.0215,57876,grew
36.7071591,119.1557441,Weifang,176,China,2746160,2653989,0.0347,92171,grew
25.0375198,121.5636796,Taibei,177,Taiwan,2731208,2721485,0.0036,9723,grew
12.6132655,-7.9847391,Bamako,178,Mali,2713230,2617686,0.0365,95544,grew
8.5241122,76.9360573,Thiruvananthapuram,179,India,2690703,2584752,0.041,105951,grew
36.819626,117.980675,Zibo,180,China,2685108,2639735,0.0172,45373,grew
41.8755616,-87.6244212,Chicago,181,United States,2679080,2686530,-0.0028,7450,declined
43.061936,141.3542924,Sapporo,182,Japan,2670121,2669680,0.0002,441,grew
-25.7459374,28.1879444,Pretoria,183,South Africa,2655282,2565660,0.0349,89622,grew
-6.1258942,23.5998111,Mbuji-Mayi,184,DR Congo,2642794,2525263,0.0465,117531,grew
29.9992425,120.576854,Shaoxing,185,China,2633145,2540018,0.0367,93127,grew
52.4796992,-1.9026911,Birmingham,186,United Kingdom,2626374,2607437,0.0073,18937,grew
37.461928,121.4425255,Yantai,187,China,2609465,2526702,0.0328,82763,grew
-6.9344694,107.6049539,Bandung,188,Indonesia,2606850,2580191,0.0103,26659,grew
49.2608724,-123.113952,Vancouver,189,Canada,2606351,2581079,0.0098,25272,grew
23.1146515,114.4107202,Huizhou,190,China,2605871,2524543,0.0322,81328,grew
-11.6642316,27.4826264,Lubumbashi,191,DR Congo,2584133,2478262,0.0427,105871,grew
5.5571096,-0.2012376,Accra,192,Ghana,2556972,2514005,0.0171,42967,grew
41.3123363,69.2787079,Tashkent,193,Uzbekistan,2545159,2517381,0.011,27778,grew
19.292545,-99.6569007,Toluca de Lerdo,194,Mexico,2522407,2467241,0.0224,55166,grew
25.6093239,85.1235252,Patna,195,India,2481530,2436447,0.0185,45083,grew
-0.7264327,15.6419155,Brazzaville,196,Republic of the Congo,2469630,2388090,0.0341,81540,grew
34.6556873,112.4209629,Luoyang,197,China,2461883,2387094,0.0313,74789,grew
23.2584857,77.401989,Bhopal,198,India,2446882,2389547,0.024,57335,grew
18.465299,-66.116666,San Juan,199,Puerto Rico,2445462,2448417,-0.0012,2955,declined
33.5130695,36.3095814,Damascus,200,Syria,2439814,2392045,0.02,47769,grew
-27.4689682,153.0234991,Brisbane,201,Australia,2439467,2406182,0.0138,33285,grew
33.8959203,35.47843,Beirut,202,Lebanon,2434609,2424425,0.0042,10184,grew
33.8439408,9.400138,Tunis,203,Tunisia,2402680,2365201,0.0158,37479,grew
-6.1760311,106.6384468,Tangerang,204,Indonesia,2397447,2338547,0.0252,58900,grew
2.0349312,45.3419183,Mogadishu,205,Somalia,2387920,2282009,0.0464,105911,grew
40.1639991,50.2777093,Baku,206,Azerbaijan,2370776,2341443,0.0125,29333,grew
3.5896654,98.6738261,Medan,207,Indonesia,2368348,2337958,0.013,30390,grew
31.7043556,35.2061876,Belem,208,Brazil,2360474,2334462,0.0111,26012,grew
31.9827896,120.8904588,Nantong,209,China,2351145,2275777,0.0331,75368,grew
38.2677554,140.8691498,Sendai,210,Japan,2334959,2327417,0.0032,7542,grew
29.7589382,-95.3676974,Houston,211,United States,2323660,2321960,0.0007,1700,grew
-3.1316333,-59.9825041,Manaus,212,Brazil,2302374,2260788,0.0184,41586,grew
10.9799669,-74.8013085,Barranquilla,213,Colombia,2299186,2272914,0.0116,26272,grew
10.6498095,-71.6443596,Maracaibo,214,Venezuela,2296118,2257999,0.0169,38119,grew
32.1525312,74.1933745,Gujranwala,215,Pakistan,2290461,2229220,0.0275,61241,grew
33.5914237,73.0535122,Rawalpindi,216,Pakistan,2280733,2236905,0.0196,43828,grew
34.0123846,71.5787458,Peshawar,217,Pakistan,2272812,2202946,0.0317,69866,grew
24.9929995,121.3010003,Taoyuan,218,Taiwan,2271507,2245162,0.0117,26345,grew
27.1752554,78.0098161,Agra,219,India,2261561,2210246,0.0232,51315,grew
40.8337963,111.6730788,Hohhot,220,China,2239344,2163394,0.0351,75950,grew
40.6549157,109.8344586,Baotou,221,China,2238823,2190495,0.0221,48328,grew
22.2973142,73.1942567,Vadodara,222,India,2232521,2189973,0.0194,42548,grew
11.8762254,75.3738043,Kannur,223,India,2226693,2166906,0.0276,59787,grew
24.3284746,109.4239676,Liuzhou,224,China,2226508,2165257,0.0283,61251,grew
17.7231276,83.3012842,Visakhapatnam,225,India,2225906,2174968,0.0234,50938,grew
34.2066591,117.278286,Xuzhou,226,China,2193219,2145970,0.022,47249,grew
35.8713,128.6018,Daegu,227,South Korea,2190571,2198962,-0.0038,8391,declined
40.8359336,14.2487826,Naples,228,Italy,2182885,2186853,-0.0018,3968,declined
31.9515694,35.9239625,Amman,229,Jordan,2182151,2148293,0.0158,33858,grew
32.5010188,-116.964662,Tijuana,230,Mexico,2181104,2140398,0.019,40706,grew
32.6707877,51.6650002,Esfahan,231,Iran,2176927,2132037,0.0211,44890,grew
11.568271,104.9224426,Phnom Penh,232,Cambodia,2143591,2077757,0.0317,65834,grew
23.135305,-82.3589631,Havana,233,Cuba,2142866,2140423,0.0011,2443,grew
20.0112475,73.7902364,Nashik,234,India,2123018,2065728,0.0277,57290,grew
-3.1559361,-59.2794889,Grande Vitoria,235,Brazil,2109869,2075857,0.0164,34012,grew
16.5087586,80.6185102,Vijayawada,236,India,2104113,2039845,0.0315,64268,grew
50.8465573,4.351697,Brussels,237,Belgium,2095688,2080788,0.0072,14900,grew
21.420847,39.826869,Mecca,238,Saudi Arabia,2078766,2042106,0.018,36660,grew
34.3916058,132.4518156,Hiroshima,239,Japan,2077569,2083223,-0.0027,5654,declined
-31.9527121,115.8604796,Perth,240,Australia,2067333,2041959,0.0124,25374,grew
30.1979793,71.4724978,Multan,241,Pakistan,2059534,2015091,0.0221,44443,grew
32.3969935,119.4077008,Yangzhou,242,China,2039472,1992773,0.0234,46699,grew
53.9024716,27.5618225,Minsk,243,Belarus,2038822,2028104,0.0053,10718,grew
40.1827657,29.0677305,Bursa,244,Turkey,2021116,1986268,0.0175,34848,grew
38.8579735,115.490696,Baoding,245,China,2019960,1975790,0.0224,44170,grew
36.19924,37.1637253,Aleppo,246,Syria,2003671,1916781,0.0453,86890,grew
25.4557366,119.0029034,Putian,247,China,2002884,1907350,0.0501,95534,grew
28.6581723,121.4163876,Taizhou Zhejiang,248,China,1992626,1934847,0.0299,57779,grew
9.5170602,-13.6998434,Conakry,249,Guinea,1991134,1938272,0.0273,52862,grew
37.1767104,116.8507744,Linyi Shandong,250,China,1984133,1936908,0.0244,47225,grew
31.3536127,118.4277477,Wuhu Anhui,251,China,1960681,1870281,0.0483,90400,grew
48.2083537,16.3725042,Vienna,252,Austria,1944910,1929944,0.0078,14966,grew
8.8879509,76.5955013,Kollam,253,India,1940571,1851558,0.0481,89013,grew
39.4697065,-0.3763353,Valencia,254,Venezuela,1934891,1910188,0.0129,24703,grew
22.3053263,70.8028377,Rajkot,255,India,1933522,1878032,0.0295,55490,grew
20.0462328,110.1956502,Haikou,256,China,1931705,1889071,0.0226,42634,grew
43.2363924,76.9457275,Almaty,257,Kazakhstan,1927623,1895742,0.0168,31881,grew
-24.0443878,-46.7040929,Baixada Santista,258,Brazil,1911338,1892314,0.0101,19024,grew
33.3495657,120.1576778,Yancheng Jiangsu,259,China,1907903,1864424,0.0233,43479,grew
46.5969028,125.1014811,Daqing,260,China,1907293,1859001,0.026,48292,grew
34.022405,-6.834543,Rabat,261,Morocco,1907071,1884802,0.0118,22269,grew
53.7414271,-1.7202004,West Yorkshire,262,United Kingdom,1901947,1889095,0.0068,12852,grew
-6.9903988,110.4229104,Semarang,263,Indonesia,1901570,1866492,0.0188,35078,grew
-0.2201641,-78.5123274,Quito,264,Ecuador,1900571,1873763,0.0143,26808,grew
8.9714493,-79.5341802,Panama City,265,Panama,1899081,1860291,0.0209,38790,grew
17.360589,78.4740613,Hyderabad,266,Pakistan,1886734,1849829,0.02,36905,grew
30.9090157,75.851601,Ludhiana,267,India,1885456,1856849,0.0154,28607,grew
-16.4955455,-68.1336229,La Paz,268,Bolivia,1881796,1857797,0.0129,23999,grew
34.5978596,119.215813,Lianyungang,269,China,1877847,1820127,0.0317,57720,grew
6.130419,1.215829,Lome,270,Togo,1874394,1827878,0.0254,46516,grew
7.0645451,125.6084371,Davao City,271,Philippines,1866401,1825450,0.0224,40951,grew
26.0962497,-99.2763436,Leon de los Aldamas,272,Mexico,1848932,1825080,0.0131,23852,grew
22.273734,113.5721327,Zhuhai,273,China,1803711,1759378,0.0252,44333,grew
45.0677551,7.6824892,Turin,274,Italy,1795235,1792163,0.0017,3072,grew
44.4361414,26.1027202,Bucharest,275,Romania,1794248,1803247,-0.005,8999,declined
36.9863599,35.3252861,Adana,276,Turkey,1792565,1770850,0.0123,21715,grew
52.2319581,21.0067249,Warsaw,277,Poland,1789620,1783251,0.0036,6369,grew
53.550341,10.000654,Hamburg,278,Germany,1788995,1789954,-0.0005,959,declined
40.0919817,113.2951122,Datong,279,China,1788913,1745333,0.025,43580,grew
6.3330586,5.6221058,Benin City,280,Nigeria,1781999,1727169,0.0317,54830,grew
47.4979937,19.0403594,Budapest,281,Hungary,1771865,1768073,0.0021,3792,grew
9.9261153,78.1140983,Madurai,282,India,1765534,1734173,0.0181,31361,grew
-34.9058916,-56.1913095,Montevideo,283,Uruguay,1759906,1752388,0.0043,7518,grew
24.8755492,118.6723605,Quanzhou,284,China,1755721,1694076,0.0364,61645,grew
-2.9888297,104.756857,Palembang,285,Indonesia,1753269,1722700,0.0177,30569,grew
-17.78629,-63.18117,Santa Cruz,286,Bolivia,1748540,1712688,0.0209,35852,grew
-25.966917,32.466956,Matola,287,Mozambique,1748247,1705886,0.0248,42361,grew
37.0628317,37.3792617,Gaziantep,288,Turkey,1739687,1704118,0.0209,35569,grew
25.3461498,55.4210633,Sharjah,289,United Arab Emirates,1736799,1684649,0.031,52150,grew
33.4484367,-112.0741417,Phoenix,290,United States,1733630,1707310,0.0154,26320,grew
45.7578137,4.8320114,Lyon,291,France,1733581,1719268,0.0083,14313,grew
29.0006525,77.7682288,Meerut,292,India,1728435,1696440,0.0189,31995,grew
22.5816619,113.0761073,Jiangmen,293,China,1713021,1687310,0.0152,25711,grew
10.0451859,105.7448944,Can Tho,294,Vietnam,1703487,1617602,0.0531,85885,grew
21.2379469,81.6336833,Raipur,295,India,1702048,1642169,0.0365,59879,grew
25.3356491,83.0076292,Varanasi,296,India,1692509,1664942,0.0166,27567,grew
32.010998,112.1163785,Xiangyang,297,China,1684991,1657726,0.0164,27265,grew
36.343694,43.0997156,Mosul,298,Iraq,1683029,1629932,0.0326,53097,grew
55.8609825,-4.2488787,Glasgow,299,United Kingdom,1680669,1673332,0.0044,7337,grew
55.0282171,82.9234509,Novosibirsk,300,Russia,1675866,1663748,0.0073,12118,grew
29.6060218,52.5378041,Shiraz,301,Iran,1675226,1651362,0.0145,23864,grew
25.542759670002333,-103.40687005418646,La Laguna,302,Mexico,1674258,1614854,0.0368,59404,grew
30.1708675,121.261786,Cixi,303,China,1672457,1609221,0.0393,63236,grew
59.3251172,18.0710935,Stockholm,304,Sweden,1656571,1632798,0.0146,23773,grew
41.1075276,122.9902689,Anshan,305,China,1647001,1629166,0.0109,17835,grew
-36.852095,174.7631803,Auckland,306,New Zealand,1630092,1606564,0.0146,23528,grew
22.8015194,86.2029579,Jamshedpur,307,India,1629621,1599434,0.0189,30187,grew
38.0739964,46.2961952,Tabriz,308,Iran,1627304,1611133,0.01,16171,grew
38.4852037,106.2261926,Yinchuan,309,China,1626584,1579049,0.0301,47535,grew
42.9995032,125.9816054,Jilin,310,China,1623240,1603332,0.0124,19908,grew
34.0747444,74.8204443,Srinagar,311,India,1622454,1585774,0.0231,36680,grew
1.1061034,104.0378246,Batam,312,Indonesia,1617168,1546064,0.046,71104,grew
47.9490993,107.0222591,Ulaanbaatar,313,Mongolia,1615094,1584358,0.0194,30736,grew
43.2961743,5.3699525,Marseille,314,France,1613797,1608236,0.0035,5561,grew
-5.1342962,119.4124282,Makassar,315,Indonesia,1612249,1583553,0.0181,28696,grew
30.694088,111.2803074,Yichang,316,China,1605526,1548423,0.0369,57103,grew
19.877263,75.3390241,Aurangabad,317,India,1599927,1558412,0.0266,41515,grew
23.5882019,58.3829448,Muscat,318,Oman,1589865,1549729,0.0259,40136,grew
39.9395724,119.5894129,Qinhuangdao,319,China,1585961,1535223,0.033,50738,grew
39.9527237,-75.1635262,Philadelphia,320,United States,1585010,1584540,0.0003,470,grew
-31.4173391,-64.183319,Cordoba,321,Argentina,1584599,1571944,0.0081,12655,grew
47.3523672,123.9164653,Qiqihaer,322,China,1583663,1559581,0.0154,24082,grew
36.617331,101.7761976,Xining,323,China,1583164,1539437,0.0284,43727,grew
35.8224892,50.9904681,Karaj,324,Iran,1582351,1580413,0.0012,1938,grew
29.4246002,-98.4951405,San Antonio,325,United States,1581730,1564490,0.011,17240,grew
51.0460954,-114.065465,Calgary,326,Canada,1580659,1547484,0.0214,33175,grew
27.0782342,112.3356329,Hengyang,327,China,1573731,1527107,0.0305,46624,grew
36.3496,127.3848,Daejon,328,South Korea,1569459,1565656,0.0024,3803,grew
6.328034,-10.797788,Monrovia,329,Liberia,1569013,1517235,0.0341,51778,grew
11.1017815,77.345192,Tiruppur,330,India,1558993,1496389,0.0418,62604,grew
-32.9595004,-60.6615415,Rosario,331,Argentina,1553530,1532128,0.014,21402,grew
48.1371079,11.5753822,Munich,332,Germany,1553373,1538302,0.0098,15071,grew
22.6203348,120.3120375,Gaoxiong,333,Taiwan,1541861,1537640,0.0027,4221,grew
-17.831773,31.045686,Harare,334,Zimbabwe,1541824,1529920,0.0078,11904,grew
31.7097961,-106.455581,Ciudad Juarez,335,Mexico,1539758,1519214,0.0135,20544,grew
36.1023552,114.33633,Anyang,336,China,1524622,1460114,0.0442,64508,grew
-5.8951725,22.408589,Kananga,337,DR Congo,1524234,1458400,0.0451,65834,grew
35.1595775,126.8515089,Gwangju,338,South Korea,1523822,1521506,0.0015,2316,grew
33.9646533,118.2697192,Suqian,339,China,1520240,1440060,0.0557,80180,grew
35.4125047,116.5849266,Jining Shandong,340,China,1518329,1494249,0.0161,24080,grew
24.471153,39.6111216,Medina,341,Saudi Arabia,1517501,1488782,0.0193,28719,grew
56.839104,60.60825,Yekaterinburg,342,Russia,1513142,1503812,0.0062,9330,grew
24.4538352,54.3774014,Abu Dhabi,343,United Arab Emirates,1511768,1482816,0.0195,28952,grew
26.2967719,73.0351433,Jodhpur,344,India,1509826,1471900,0.0258,37926,grew
-28.500238,-53.586696,Grande Sao Luis,345,Brazil,1498475,1485763,0.0086,12712,grew
53.535411,-113.507996,Edmonton,346,Canada,1491076,1461182,0.0205,29894,grew
-5.805398,-35.2080905,Natal,347,Brazil,1485363,1456844,0.0196,28519,grew
14.1056861,-87.204676,Tegucigalpa,348,Honduras,1485300,1444085,0.0285,41215,grew
6.1461619,6.8019088,Onitsha,349,Nigeria,1482971,1414790,0.0482,68181,grew
11.72559,15.24422,N-Djamena,350,Chad,1476115,1422547,0.0377,53568,grew
23.3700354,85.3250132,Ranchi,351,India,1474748,1439195,0.0247,35553,grew
27.708317,85.3205817,Kathmandu,352,Nepal,1471867,1423515,0.034,48352,grew
23.1608938,79.9497702,Jabalpur,353,India,1471644,1449787,0.0151,21857,grew
21.9812746,96.082375,Mandalay,354,Myanmar,1469193,1437554,0.022,31639,grew
40.8228016,114.880567,Zhangjiakou,355,China,1468954,1434649,0.0239,34305,grew
32.5866826,117.0130019,Huainan,356,China,1461918,1437838,0.0167,24080,grew
23.6871297,86.9746587,Asansol,357,India,1453747,1431260,0.0157,22487,grew
23.6566146,116.6205482,Chaozhou,358,China,1449830,1428383,0.015,21447,grew
25.1968256,76.0008933,Kota,359,India,1430870,1386877,0.0317,43993,grew
32.7174202,-117.1627728,San Diego,360,United States,1427720,1425780,0.0014,1940,grew
49.9923181,36.2310146,Kharkiv,361,Ukraine,1425987,1429004,-0.0021,3017,declined
37.3361905,-121.890583,San Jose,362,Costa Rica,1420533,1399629,0.0149,20904,grew
12.9546871,100.7746521,Chon Buri,363,Thailand,1417247,1398645,0.0133,18602,grew
25.4381302,81.8338005,Allahabad,364,India,1415463,1393723,0.0156,21740,grew
26.2037247,78.1573628,Gwalior,365,India,1409820,1378375,0.0228,31445,grew
45.4211435,-75.6900574,Ottawa,366,Canada,1407928,1393086,0.0107,14842,grew
47.3744489,8.5410422,Zurich,367,Switzerland,1407572,1395356,0.0088,12216,grew
44.8178131,20.4568974,Belgrade,368,Serbia,1401786,1397939,0.0028,3847,grew
31.6343083,74.8736788,Amritsar,369,India,1400311,1377371,0.0167,22940,grew
-7.1215981,-34.882028,Joao Pessoa,370,Brazil,1393345,1378249,0.011,15096,grew
29.3063535,120.0702682,Yiwu,371,China,1386791,1334356,0.0393,52435,grew
30.4952371,47.8090981,Basra,372,Iraq,1381731,1352210,0.0218,29521,grew
32.4585613,119.9181228,Taizhou Jiangsu,373,China,1381569,1348056,0.0249,33513,grew
18.0629628,-15.9629106,Nouakchott,374,Mauritania,1372244,1314636,0.0438,57608,grew
20.5927744,-100.3902245,Queretaro,375,Mexico,1364446,1339103,0.0189,25343,grew
36.2002968,117.0809316,Taian Shandong,376,China,1364154,1338828,0.0189,25326,grew
34.7333334,36.7166667,Homs,377,Syria,1362480,1335804,0.02,26676,grew
55.6867243,12.5700724,Copenhagen,378,Denmark,1358608,1346485,0.009,12123,grew
37.8768277,32.4874202,Konya,379,Turkey,1356280,1328136,0.0212,28144,grew
7.1114611,-73.1172869,Bucaramanga,380,Colombia,1348882,1331453,0.0131,17429,grew
23.7952809,86.4309638,Dhanbad,381,India,1348238,1331186,0.0128,17052,grew
37.5120997,122.1152599,Weihai,382,China,1347865,1304315,0.0334,43550,grew
32.7762719,-96.7968559,Dallas,383,United States,1347120,1345340,0.0013,1780,grew
25.8332103,114.9287362,Ganzhou,384,China,1347065,1285039,0.0483,62026,grew
-34.9281805,138.5999312,Adelaide,385,Australia,1345445,1336403,0.0068,9042,grew
20.858864,106.6749591,Hai Phong,386,Vietnam,1341015,1300088,0.0315,40927,grew
-4.05052,39.667169,Mombasa,387,Kenya,1340913,1295975,0.0347,44938,grew
24.163162,120.6478282,Taizhong,388,Taiwan,1338086,1320591,0.0132,17495,grew
-9.6476843,-35.7339264,Maceio,389,Brazil,1336999,1323039,0.0106,13960,grew
-17.4012458,-66.1675737,Cochabamba,390,Bolivia,1336752,1303907,0.0252,32845,grew
13.524834,2.109823,Niamey,391,Niger,1335700,1291848,0.0339,43852,grew
37.266667,127.016667,Suwon,392,South Korea,1331826,1311321,0.0156,20505,grew
13.6531651,100.8182578,Samut Prakan,393,Thailand,1324319,1306937,0.0133,17382,grew
48.4433253,5.1377537,Joinville,394,Brazil,1319042,1303141,0.0122,15901,grew
30.7474425,120.7510971,Jiaxing,395,China,1318418,1259844,0.0465,58574,grew
34.7961106,114.3472038,Kaifeng,396,China,1317530,1274287,0.0339,43243,grew
60.1674881,24.9427473,Helsinki,397,Finland,1316757,1304851,0.0091,11906,grew
41.1494512,-8.6107884,Porto,398,Portugal,1316445,1312947,0.0027,3498,grew
21.2737079,110.3548318,Zhanjiang,399,China,1315369,1286854,0.0222,28515,grew
27.7237996,106.9191408,Zunyi,400,China,1313433,1280960,0.0254,32473,grew
35.4150703,119.5214512,Rizhao,401,China,1312824,1270948,0.0329,41876,grew
0.5184021,25.2057292,Kisangani,402,DR Congo,1312353,1261310,0.0405,51043,grew
50.0874654,14.4212535,Prague,403,Czech Republic,1312199,1305737,0.0049,6462,grew
37.4334738,118.6689349,Dongying,404,China,1311494,1276028,0.0278,35466,grew
34.6423117,50.8800969,Qom,405,Iran,1311172,1287937,0.018,23235,grew
31.4627341,104.7463432,Mianyang Sichuan,406,China,1300725,1275851,0.0195,24874,grew
30.792362,106.0826662,Nanchong,407,China,1299462,1257726,0.0332,41736,grew
41.8692972,123.924157,Fushun Liaoning,408,China,1288357,1285387,0.0023,2970,grew
36.9009641,30.6954846,Antalya,409,Turkey,1287439,1253872,0.0268,33567,grew
28.457876,79.4055709,Bareilly,410,India,1285964,1255287,0.0244,30677,grew
42.6978634,23.3221789,Sofia,411,Bulgaria,1284311,1280968,0.0026,3343,grew
32.6314877,110.792752,Shiyan,412,China,1280495,1241450,0.0315,39045,grew
55.7823547,49.1242266,Kazan,413,Russia,1279794,1272063,0.0061,7731,grew
26.4367824,50.1039991,Ad-Dammam,414,Saudi Arabia,1279092,1252523,0.0212,26569,grew
-33.9617051,25.6207519,Port Elizabeth,415,South Africa,1266533,1253742,0.0102,12791,grew
31.3229936,48.6793316,Ahvaz,416,Iran,1261042,1244250,0.0135,16792,grew
33.3705714,113.2720234,Liuan,417,China,1260817,1195907,0.0543,64910,grew
-27.5973002,-48.5496098,Florianopolis,418,Brazil,1259112,1239331,0.016,19781,grew
56.3264816,44.0051395,Nizhniy Novgorod,419,Russia,1255073,1257754,-0.0021,2681,declined
-4.7975373,11.8503297,Pointe-Noire,420,Republic of the Congo,1253939,1214281,0.0327,39658,grew
40.6747155,122.2357736,Yingkou,421,China,1251867,1214047,0.0312,37820,grew
34.0346534,-5.0161926,Fes,422,Morocco,1245303,1224080,0.0173,21223,grew
27.8769897,78.1372903,Aligarh,423,India,1244591,1210554,0.0281,34037,grew
28.166416,113.6375778,Liuyang,424,China,1242055,1169044,0.0625,73011,grew
53.3497645,-6.2602732,Dublin,425,Ireland,1241953,1228179,0.0112,13774,grew
21.6656961,110.9209511,Maoming,426,China,1238809,1204716,0.0283,34093,grew
35.777103,-5.803792,Tanger,427,Morocco,1238322,1197923,0.0337,40399,grew
5.6394753,100.4815031,Pekan Baru,428,Indonesia,1238274,1204883,0.0277,33391,grew
35.113997,117.1599113,Tengzhou,429,China,1236764,1189963,0.0393,46801,grew
8.479004,-13.26795,Freetown,430,Sierra Leone,1236425,1201900,0.0287,34525,grew
22.5000001,-100.4949145,San Luis Potosi,431,Mexico,1235426,1216564,0.0155,18862,grew
12.3051828,76.6553609,Mysore,432,India,1234992,1209836,0.0208,25156,grew
55.1598408,61.4025547,Chelyabinsk,433,Russia,1232887,1227795,0.0041,5092,grew
28.8638424,78.8057783,Moradabad,434,India,1232190,1197000,0.0294,35190,grew
10.0740372,-69.3215667,Barquisimeto,435,Venezuela,1227444,1214362,0.0108,13082,grew
21.19,81.28,Durg-Bhilai,436,India,1225129,1207637,0.0145,17492,grew
31.3016935,120.5810725,Suzhou,437,China,1219579,1169932,0.0424,49647,grew
10.2375144,-67.5890216,Maracay,438,Venezuela,1216288,1203227,0.0109,13061,grew
51.1282205,71.4306682,Astana,439,Kazakhstan,1211789,1165983,0.0393,45806,grew
27.4989086,113.1529127,Zhuzhou,440,China,1209032,1186912,0.0186,22120,grew
27.7809047,120.6512652,Ruian,441,China,1208306,1168983,0.0336,39323,grew
5.0322447,7.924791,Uyo,442,Nigeria,1199929,1135775,0.0565,64154,grew
32.1901111,119.4200584,Zhenjiang Jiangsu,443,China,1199515,1173816,0.0219,25699,grew
34.3645811,107.2332184,Baoji,444,China,1197824,1164665,0.0285,33159,grew
23.5528679,116.3680847,Jieyang,445,China,1194681,1146758,0.0418,47923,grew
42.2799929,118.9426131,Chifeng,446,China,1194621,1164793,0.0256,29828,grew
20.2667774,85.8435592,Bhubaneswar,447,India,1194431,1162886,0.0271,31545,grew
33.7374744,113.2981436,Pingdingshan Henan,448,China,1193224,1159981,0.0287,33243,grew
23.3000046,116.1611114,Puning,449,China,1192348,1160045,0.0278,32303,grew
-34.787093,-68.4381868,Mendoza,450,Argentina,1191470,1172619,0.0161,18851,grew
-6.5962986,106.7972421,Bogor,451,Indonesia,1183090,1159719,0.0202,23371,grew
18.7882778,98.9858802,Chiang Mai,452,Thailand,1182498,1166978,0.0133,15520,grew
-2.5196915,32.9014417,Mwanza,453,Tanzania,1182011,1120430,0.055,61581,grew
10.804973,78.6870296,Tiruchirappalli,454,India,1181912,1164668,0.0148,17244,grew
54.991375,73.371529,Omsk,455,Russia,1181590,1182339,-0.0006,749,declined
38.9174665,-6.3443977,Merida,456,Mexico,1181387,1161475,0.0171,19912,grew
41.297577,123.7646562,Benxi,457,China,1176490,1157413,0.0165,19077,grew
33.9566098,116.7928916,Huaibei,458,China,1174248,1141734,0.0285,32514,grew
-13.9875107,33.768144,Lilongwe,459,Malawi,1170870,1121720,0.0438,49150,grew
33.0010496,112.5292693,Nanyang Henan,460,China,1170491,1142799,0.0242,27692,grew
29.1080344,119.6486487,Jinhua,461,China,1170332,1122440,0.0427,47892,grew
27.8328352,112.9388078,Xiangtan Hunan,462,China,1170327,1142976,0.0239,27351,grew
-1.950851,30.061507,Kigali,463,Rwanda,1169889,1132101,0.0334,37788,grew
32.896672,13.1777923,Tripoli,464,Libya,1169790,1165085,0.004,4705,grew
30.7334421,76.7797143,Chandigarh,465,India,1169244,1148472,0.0181,20772,grew
41.108528,121.1194219,Jinzhou,466,China,1168535,1145359,0.0202,23176,grew
33.6938118,73.0651511,Islamabad,467,Pakistan,1163584,1129198,0.0305,34386,grew
53.198627,50.113987,Samara,468,Russia,1160167,1163296,-0.0027,3129,declined
52.3727598,4.8936041,Amsterdam,469,Netherlands,1157519,1148972,0.0074,8547,grew
16.068,108.212,Da Nang,470,Vietnam,1156585,1125316,0.0278,31269,grew
32.8191218,34.9983856,Haifa,471,Israel,1155006,1147431,0.0066,7575,grew
25.2383172,110.1752245,Guilin,472,China,1154702,1134393,0.0179,20309,grew
63.3233807,97.0979974,Krasnoyarsk,473,Russia,1148957,1137494,0.0101,11463,grew
32.6248622,-115.448325,Mexicali,474,Mexico,1140298,1120872,0.0173,19426,grew
54.7261409,55.947499,Ufa,475,Russia,1139561,1136291,0.0029,3270,grew
47.2213858,39.7114196,Rostov-on-Don,476,Russia,1137147,1136201,0.0008,946,grew
15.3518378,75.1379848,Hubli-Dharwad,477,India,1136923,1116728,0.0181,20195,grew
26.1805978,91.753943,Guwahati,478,India,1135065,1116740,0.0164,18325,grew
10.3825318,7.8533226,Kaduna,479,Nigeria,1133430,1113210,0.0182,20220,grew
-2.5103908,28.8336436,Bukavu,480,DR Congo,1133371,1078002,0.0514,55369,grew
26.5963778,104.8279652,Liupanshui,481,China,1131854,1077317,0.0506,54537,grew
30.1957677,67.0172447,Quetta,482,Pakistan,1129361,1099546,0.0271,29815,grew
50.938361,6.959974,Cologne,483,Germany,1128652,1118789,0.0088,9863,grew
22.0000001,-102.5000001,Aguascalientes,484,Mexico,1124909,1106453,0.0167,18456,grew
37.3821206,117.9647262,Binzhou,485,China,1124728,1083867,0.0377,40861,grew
44.9391565,-123.033121,Salem,486,India,1123873,1102463,0.0194,21410,grew
6.4153695,2.3062284,Abomey-Calavi,487,Benin,1122713,1056440,0.0627,66273,grew
-25.966213,32.56745,Maputo,488,Mozambique,1121697,1110477,0.0101,11220,grew
-5.4460713,105.2643742,Bandar Lampung,489,Indonesia,1114740,1091512,0.0213,23228,grew
5.112735,7.364349,Aba,490,Nigeria,1114388,1081466,0.0304,32922,grew
34.3402702,118.0068173,Pizhou,491,China,1114385,1063231,0.0481,51154,grew
6.019531,6.917181,Nnewi,492,Nigeria,1113546,1050860,0.0597,62686,grew
-7.3262484,108.2201154,Tasikmalaya,493,Indonesia,1112112,1056485,0.0527,55627,grew
13.6989939,-89.1914249,San Salvador,494,El Salvador,1107305,1105766,0.0014,1539,grew
37.2405741,127.1785572,Yongin,495,South Korea,1103265,1083345,0.0184,19920,grew
34.8113006,117.3178278,Zaozhuang,496,China,1101823,1087745,0.0129,14078,grew
35.3021133,113.9202062,Xinxiang,497,China,1100407,1081031,0.0179,19376,grew
28.1154378,120.9833927,Yueqing,498,China,1098931,1060702,0.036,38229,grew
33.5720554,114.0285163,Luohe,499,China,1096233,1039941,0.0541,56292,grew
29.9880774,77.5081299,Saharanpur,500,India,1094581,1054102,0.0384,40479,grew
42.3337389,69.5169406,Shimkent,501,Kazakhstan,1093289,1057936,0.0334,35353,grew
18.9218274,-99.2342282,Cuernavaca,502,Mexico,1091173,1075022,0.015,16151,grew
40.1776245,44.5126174,Yerevan,503,Armenia,1089181,1086275,0.0027,2906,grew
37.6581862,126.8319452,Goyang,504,South Korea,1082815,1069196,0.0127,13619,grew
41.6934591,44.8014495,Tbilisi,505,Georgia,1078846,1077833,0.0009,1013,grew
28.5000001,-106.0000001,Chihuahua,506,Mexico,1075861,1054766,0.02,21095,grew
41.1169056,122.0655098,Panjin,507,China,1075647,1053125,0.0214,22522,grew
58.5951603,56.3159546,Perm,508,Russia,1075424,1071419,0.0037,4005,grew
-3.3638125,29.3675028,Bujumbura,509,Burundi,1074642,1012996,0.0609,61646,grew
31.2920107,75.5680577,Jalandhar,510,India,1074383,1053670,0.0197,20713,grew
12.1459907,-86.2746665,Managua,511,Nicaragua,1072852,1063698,0.0086,9154,grew
51.6605982,39.2005858,Voronezh,512,Russia,1072807,1067719,0.0048,5088,grew
10.4195841,-75.5271224,Cartagena,513,Colombia,1070692,1062622,0.0076,8070,grew
28.3754144,121.3812013,Wenling,514,China,1069840,1037164,0.0315,32676,grew
50.6365654,3.0635282,Lille,515,France,1068051,1063085,0.0047,4966,grew
32.8926763,115.8090001,Fuyang,516,China,1065192,1036162,0.028,29030,grew
42.8765615,74.6070079,Bishkek,517,Kyrgyzstan,1060113,1038429,0.0209,21684,grew
37.9162222,40.2363542,Diyarbakir,518,Turkey,1059686,1039492,0.0194,20194,grew
31.8689322,106.7416618,Bazhong,519,China,1057600,991820,0.0663,65780,grew
26.7164127,88.4309916,Siliguri,520,India,1056551,1020303,0.0355,36248,grew
59.9133301,10.7389701,Oslo,521,Norway,1056180,1041377,0.0142,14803,grew
28.4582821,117.9381305,Shangrao,522,China,1055178,1028518,0.0259,26660,grew
35.227956,128.6818586,Changwon,523,South Korea,1054775,1055974,-0.0011,1199,declined
30.3375134,112.2337792,Jingzhou Hubei,524,China,1054743,1038296,0.0158,16447,grew
31.6866105,118.5048377,Ma'anshan,525,China,1051771,1019389,0.0318,32382,grew
23.0496201,112.4593053,Zhaoqing,526,China,1050908,1023777,0.0265,27131,grew
51.2211097,4.3997081,Antwerp,527,Belgium,1047613,1042471,0.0049,5142,grew
34.3789744,46.7010122,Kermanshah,528,Iran,1046604,1025740,0.0203,20864,grew
39.0480479,115.9075331,Xiongan,529,China,1045719,969535,0.0786,76184,grew
10.9560264,106.8529805,Bien Hoa,530,Vietnam,1045708,1013064,0.0322,32644,grew
1.4728119,103.7642651,Johor Bahru,531,Malaysia,1044548,1023900,0.0202,20648,grew
17.8499067,75.2763203,Solapur,532,India,1041886,1031037,0.0105,10849,grew
-0.5017804,117.1393089,Samarinda,533,Indonesia,1041183,1010413,0.0305,30770,grew
43.6044622,1.4442469,Toulouse,534,France,1037115,1024166,0.0126,12949,grew
36.8117583,34.6292679,Mersin,535,Turkey,1034693,1016019,0.0184,18674,grew
9.561733,44.061803,Hargeysa,536,Somalia,1033205,988716,0.045,44489,grew
-5.0896403,-42.809588,Teresina,537,Brazil,1031220,1021229,0.0098,9991,grew
35.4703415,44.395723,Kirkuk,538,Iraq,1031082,1012614,0.0182,18468,grew
27.9511188,116.3530413,Fuzhou Jiangxi,539,China,1028734,989880,0.0393,38854,grew
-10.9162061,-37.0774655,Aracaju,540,Brazil,1026529,1009380,0.017,17149,grew
11.1757783,-4.2957591,Bobo-Dioulasso,541,Burkina Faso,1022118,972124,0.0514,49994,grew
29.5851296,103.747791,Leshan,542,China,1022088,986923,0.0356,35165,grew
29.3594838,113.1229551,Yueyang,543,China,1021350,1009534,0.0117,11816,grew
37.4486676,116.305416,Dezhou,544,China,1019111,986192,0.0334,32919,grew
31.6267948,-8.0030243,Marrakech,545,Morocco,1017379,1002709,0.0146,14670,grew
22.2329889,-97.8614802,Tampico,546,Mexico,1016514,1001278,0.0152,15236,grew
30.8942995,120.0851114,Huzhou,547,China,1015538,988351,0.0275,27187,grew
51.9244424,4.47775,Rotterdam,548,Netherlands,1012007,1010026,0.002,1981,grew
12.789585,45.028504,Aden,549,Yemen,1011890,980455,0.0321,31435,grew
30.2711286,-97.7436995,Austin,550,United States,1011790,995347,0.0165,16443,grew
37.3361905,-121.890583,San Jose,551,United States,1009340,1015570,-0.0061,6230,declined
-8.6524973,115.2191175,Denpasar,552,Indonesia,1008709,986853,0.0221,21856,grew
46.4873195,30.7392776,Odesa,553,Ukraine,1008508,1009289,-0.0008,781,declined
25.7733598,113.0094337,Chenzhou,554,China,1004240,959881,0.0462,44359,grew
34.0457133,113.8225908,Xuchang,555,China,1001570,968135,0.0345,33435,grew
48.7081906,44.5153353,Volgograd,556,Russia,1000755,1004688,-0.0039,3933,declined
25.4230425,-100.9927509,Saltillo,557,Mexico,1000750,983784,0.0172,16966,grew
-26.8303703,-65.2038133,San Miguel de Tucuman,558,Argentina,999907,985656,0.0145,14251,grew
15.3389667,38.9326763,Asmara,559,Eritrea,998321,962985,0.0367,35336,grew
-0.9247587,100.3632561,Padang,560,Indonesia,997358,980455,0.0172,16903,grew
10.2931062,123.9020773,Cebu City,561,Philippines,993744,980070,0.014,13674,grew
16.8680495,-99.8940182,Acapulco de Juarez,562,Mexico,992205,979381,0.0131,12824,grew
-33.0458456,-71.6196749,Valparaiso,563,Chile,992183,983751,0.0086,8432,grew
4.927456,-1.7490216,Sekondi Takoradi,564,Ghana,990661,945519,0.0477,45142,grew
6.6191233,3.5041271,Ikorodu,565,Nigeria,989117,937615,0.0549,51502,grew
38.6582232,35.5546374,Kayseri,566,Turkey,986987,973506,0.0138,13481,grew
17.9819448,79.5969982,Warangal,567,India,983128,959658,0.0245,23470,grew
31.6572954,120.7480757,Changshu,568,China,981654,938683,0.0458,42971,grew
44.841225,-0.5800364,Bordeaux,569,France,980130,968993,0.0115,11137,grew
6.8790221,100.5498542,Songkhla,570,Thailand,979453,966597,0.0133,12856,grew
25.4936418,103.7943084,Qujing,571,China,976171,942342,0.0359,33829,grew
13.8610918,100.3456772,Nonthaburi,572,Thailand,975497,962694,0.0133,12803,grew
27.81697,114.4112498,Yichun Jiangxi,573,China,975387,918051,0.0625,57336,grew
45.0352566,38.9764814,Krasnodar,574,Russia,974377,957214,0.0179,17163,grew
8.4963657,4.5480484,Ilorin,575,Nigeria,973671,949866,0.0251,23805,grew
21.1617854,-86.8510468,Cancun,576,Mexico,971798,943922,0.0295,27876,grew
-6.4230495,20.7887691,Tshikapa,577,DR Congo,970831,919192,0.0562,51639,grew
12.0505098,24.8795115,Nyala,578,Sudan,967430,922532,0.0487,44898,grew
35.9068588,117.76243,Xintai,579,China,966759,936382,0.0324,30377,grew
45.2928513,130.9619259,Jixi Heilongjiang,580,China,963278,949646,0.0144,13632,grew
-15.8241847,35.053104,Blantyre-Limbe,581,Malawi,962145,932263,0.0321,29882,grew
19.7027116,-101.1923818,Morelia,582,Mexico,961834,948793,0.0137,13041,grew
27.6603206,113.8830806,Pingxiang Jiangxi,583,China,953042,928895,0.026,24147,grew
48.4680221,35.0417711,Dnipro,584,Ukraine,951821,957345,-0.0058,5524,declined
22.9372087,89.2852741,Khulna,585,Bangladesh,949229,953745,-0.0047,4516,declined
31.7788242,35.2257626,Jerusalem,586,Israel,944188,931756,0.0133,12432,grew
45.9893785,23.2575051,Cucuta,587,Colombia,943489,933380,0.0108,10109,grew
43.7009358,7.2683912,Nice,588,France,943342,942208,0.0012,1134,grew
30.3255646,78.0436813,Dehradun,589,India,943136,918946,0.0263,24190,grew
37.4201556,127.1262092,Seongnam,590,South Korea,942342,943768,-0.0015,1426,declined
32.753177,-97.3327459,Fort Worth,591,United States,942323,925954,0.0177,16369,grew
30.4211144,-9.5830626,Agadir,592,Morocco,941839,923552,0.0198,18287,grew
44.5498406,129.6259558,Mudanjiang,593,China,941660,925522,0.0174,16138,grew
23.3515642,58.7213422,Hamah,594,Syria,939904,921502,0.02,18402,grew
38.5762709,68.7863573,Dushanbe,595,Tajikistan,938444,915712,0.0248,22732,grew
23.3916357,110.074064,Guiping,596,China,937152,891158,0.0516,45994,grew
29.6653828,115.9474861,Jiujiang,597,China,936927,913212,0.026,23715,grew
50.9025349,-1.404189,Southampton,598,United Kingdom,935868,927916,0.0086,7952,grew
36.2030789,117.654083,Laiwu,599,China,934916,907839,0.0298,27077,grew
-16.3988667,-71.5369607,Arequipa,600,Peru,934845,922999,0.0128,11846,grew
8.3223763,-62.6896622,Ciudad Guayana,601,Venezuela,933968,917700,0.0177,16268,grew
6.9046909,122.076462,Zamboanga City,602,Philippines,930610,917477,0.0143,13133,grew
19.333333,-96.666667,Veracruz,603,Mexico,930387,918529,0.0129,11858,grew
30.3321838,-81.655651,Jacksonville,604,United States,929647,920577,0.0099,9070,grew
15.5062156,-88.0248937,San Pedro Sula,605,Honduras,929191,902751,0.0293,26440,grew
27.702973,115.49664,Zhucheng,606,China,926596,891494,0.0394,35102,grew
14.048667,100.5640405,Pathum Thani,607,Thailand,925893,913741,0.0133,12152,grew
24.4611511,88.6888703,Rajshahi,608,Bangladesh,924033,907732,0.018,16301,grew
40.957718,117.9543248,Chengde,609,China,920395,880494,0.0453,39901,grew
32.3745318,15.0904886,Misratah,610,Libya,918946,881319,0.0427,37627,grew
23.1144539,109.5946193,Guigang,611,China,917484,891173,0.0295,26311,grew
9.9175125,8.8979401,Jos,612,Nigeria,917289,895288,0.0246,22001,grew
26.0704018,-98.2963932,Reynosa,613,Mexico,917021,899084,0.02,17937,grew
32.9176422,117.3825673,Bengbu,614,China,915242,901773,0.0149,13469,grew
39.9622601,-83.0007065,Columbus,615,United States,913921,906237,0.0085,7684,grew
18.0018152,-92.9330401,Villahermosa,616,Mexico,913606,898461,0.0169,15145,grew
21.8603337,111.9776773,Yangjiang,617,China,912468,890013,0.0252,22455,grew
35.2272086,-80.8430827,Charlotte,618,United States,912096,898902,0.0147,13194,grew
35.5391697,129.3119136,Ulsan,619,South Korea,910778,910330,0.0005,448,grew
4.3907153,18.5509126,Bangui,620,Central African Republic,910270,889231,0.0237,21039,grew
35.7032751,-0.6492976,Oran,621,Algeria,910030,899182,0.0121,10848,grew
43.3545179,42.4311796,West Rand,622,South Africa,909301,897609,0.013,11692,grew
5.489736,7.0341973,Owerri,623,Nigeria,908109,872604,0.0407,35505,grew
-20.4640173,-54.6162947,Campo Grande,624,Brazil,907028,896864,0.0113,10164,grew
53.4071991,-2.99168,Liverpool,625,United Kingdom,906443,901708,0.0053,4735,grew
14.5870262,121.1758611,Antipolo,626,Philippines,902993,881018,0.0249,21975,grew
32.0010227,44.3299926,Najaf,627,Iraq,901405,873744,0.0317,27661,grew
24.5164639,117.6424895,Zhangzhou,628,China,900904,871690,0.0335,29214,grew
45.7566557,9.7542192,Bergamo,629,Italy,900094,892089,0.009,8005,grew
48.0158753,37.8013407,Donetsk,630,Ukraine,899325,905530,-0.0069,6205,declined
30.6635516,113.1616191,Tianmen,631,China,899094,869837,0.0336,29257,grew
5.517,5.75,Warri,632,Nigeria,898927,855941,0.0502,42986,grew
-23.3112878,-51.1595023,Londrina,633,Brazil,898681,885516,0.0149,13165,grew
26.40396,112.934066,Leiyang,634,China,896394,851071,0.0533,45323,grew
-7.9771206,112.6340291,Malang,635,Indonesia,896009,886620,0.0106,9389,grew
-34.9206797,-57.9537638,La Plata,636,Argentina,894159,884054,0.0114,10105,grew
-36.8270795,-73.0502399,Concepcion,637,Chile,891744,880722,0.0125,11022,grew
37.7364305,115.6677229,Hengshui,638,China,891603,856705,0.0407,34898,grew
36.0885338,111.512998,Linfen,639,China,891049,858103,0.0384,32946,grew
27.853572,114.8867147,Xinyu,640,China,890884,857567,0.0389,33317,grew
24.5910781,91.7177362,Sylhet,641,Bangladesh,890180,851808,0.045,38372,grew
40.128668,124.3863404,Dandong,642,China,890031,877258,0.0146,12773,grew
39.7683331,-86.1583502,Indianapolis,643,United States,887232,881808,0.0062,5424,grew
-14.966969,39.2707752,Nampula,644,Mozambique,887055,848096,0.0459,38959,grew
31.1244028,104.39013,Deyang,645,China,885818,857306,0.0333,28512,grew
29.0948207,-110.9692202,Hermosillo,646,Mexico,883916,867885,0.0185,16031,grew
37.7790262,-122.419906,San Francisco,647,United States,883255,882402,0.001,853,grew
39.4605657,-5.8816626,Trujillo,648,Peru,877875,864633,0.0153,13242,grew
13.4115414,43.5570871,Taiz,649,Yemen,875941,845154,0.0364,30787,grew
16.2915189,80.4541588,Guntur,650,India,875474,854488,0.0246,20986,grew
31.9092756,120.2630426,Jiangyin,651,China,874924,843292,0.0375,31632,grew
19.3625308,73.0784747,Bhiwandi,652,India,874032,859435,0.017,14597,grew
-14.9191779,13.4896316,Lubango,653,Angola,870935,828248,0.0515,42687,grew
41.273887,123.1693463,Liaoyang,654,China,870185,855663,0.017,14522,grew
29.394644,71.6638747,Bahawalpur,655,Pakistan,869548,844673,0.0294,24875,grew
36.1829336,113.0985394,Changzhi,656,China,868308,846365,0.0259,21943,grew
57.153534,65.542274,Tyumen,657,Russia,866741,843196,0.0279,23545,grew
-25.5263889,28.0994444,Soshanguve,658,South Africa,866005,853347,0.0148,12658,grew
16.753801,-93.115959,Tuxtla Gutierrez,659,Mexico,865000,847924,0.0201,17076,grew
37.9404648,58.3823487,Ashgabat,660,Turkmenistan,864695,846255,0.0218,18440,grew
36.1911624,44.0094652,Erbil,661,Iraq,861158,846374,0.0175,14784,grew
41.9316387,126.4200169,Baishan,662,China,859381,821967,0.0455,37414,grew
27.6500795,113.4923249,Liling,663,China,857167,812975,0.0544,44192,grew
22.9912348,120.184982,Tainan,664,Taiwan,856736,849996,0.0079,6740,grew
11.9340568,79.8306447,Puducherry,665,India,856354,836003,0.0243,20351,grew
24.7978965,-107.393395,Culiacan,666,Mexico,856072,839054,0.0203,17018,grew
29.034552,111.6928724,Changde,667,China,853497,830010,0.0283,23487,grew
42.0151733,121.6452868,Fuxin,668,China,850647,839189,0.0137,11458,grew
38.1112268,13.3524434,Palermo,669,Italy,850179,851146,-0.0011,967,declined
34.4168215,115.6507447,Shangqiu,670,China,850165,826598,0.0285,23567,grew
37.0616519,114.499746,Xingtai,671,China,849674,831175,0.0223,18499,grew
25.4100012,49.580833,Hufuf-Mubarraz,672,Saudi Arabia,848479,836727,0.014,11752,grew
27.1773663,78.389912,Firozabad,673,India,845746,821043,0.0301,24703,grew
0.390002,9.454001,Libreville,674,Gabon,845100,834204,0.0131,10896,grew
30.200255,115.0333466,Huangshi,675,China,844307,828324,0.0193,15983,grew
51.530018,46.034683,Saratov,676,Russia,840883,842680,-0.0021,1797,declined
31.9553965,35.8906094,Banghazi,677,Libya,836031,823974,0.0146,12057,grew
39.4697065,-0.3763353,Valencia,678,Spain,835341,833724,0.0019,1617,grew
28.8744722,105.4385063,Luzhou,679,China,833637,822996,0.0129,10641,grew
46.8137431,-71.2084061,Quebec City,680,Canada,831776,826109,0.0069,5667,grew
28.7701941,104.6289601,Yibin,681,China,831013,814166,0.0207,16847,grew
37.5014422,126.7660139,Bucheon,682,South Korea,829592,832093,-0.003,2501,declined
4.5986817,101.0900236,Ipoh,683,Malaysia,827719,813553,0.0174,14166,grew
49.8955367,-97.1384584,Winnipeg,684,Canada,824771,816593,0.01,8178,grew
24.8500662,89.3728431,Bogra,685,Bangladesh,820297,775034,0.0584,45263,grew
-5.056395,12.3211749,Cabinda,686,Angola,819452,777697,0.0537,41755,grew
5.5324032,7.4924165,Umuahia,687,Nigeria,816983,773822,0.0558,43161,grew
32.127372,114.0676596,Xinyang,688,China,816967,797369,0.0246,19598,grew
32.9139151,119.8476035,Xinghua,689,China,815780,791297,0.0309,24483,grew
54.9738474,-1.6131572,Newcastle upon Tyne,690,United Kingdom,813807,809481,0.0053,4326,grew
37.85862,113.5730276,Yangquan,691,China,813696,794262,0.0245,19434,grew
40.6403167,22.9352716,Thessaloniki,692,Greece,812964,812166,0.001,798,grew
26.423568,111.6081495,Yongzhou,693,China,809415,781940,0.0351,27475,grew
44.4938203,11.3426327,Bologna,694,Italy,808931,805986,0.0037,2945,grew
37.5493473,45.0682863,Orumiyeh,695,Iran,808149,793044,0.019,15105,grew
30.919414,113.9516901,Xiaogan,696,China,806258,783483,0.0291,22775,grew
35.2477266,115.4464761,Heze,697,China,804759,795246,0.012,9513,grew
10.1898503,-64.7087416,Barcelona-Puerto La Cruz,698,Venezuela,804488,793641,0.0137,10847,grew
11.8395375,13.1536214,Maiduguri,699,Nigeria,802988,786485,0.021,16503,grew
41.7238743,86.173541,Kuerle,700,China,801993,761329,0.0534,40664,grew
37.6452283,138.7669125,Niigata,701,Japan,801982,804298,-0.0029,2316,declined
39.7666813,30.5255947,Eskisehir,702,Turkey,801612,783669,0.0229,17943,grew
9.740204,76.3324672,Cherthala,703,India,801264,764135,0.0486,37129,grew
28.9268429,118.8759775,Quzhou,704,China,798191,757655,0.0535,40536,grew
29.7296617,120.1805427,Zhuji,705,China,796974,777536,0.025,19438,grew
-23.5003451,-47.4582864,Sorocaba,706,Brazil,795569,785997,0.0122,9572,grew
40.8515302,122.7475513,Haicheng,707,China,795424,783484,0.0152,11940,grew
6.5536094,7.4143061,Enugu,708,Nigeria,795271,772872,0.029,22399,grew
52.9534193,-1.1496461,Nottingham,709,United Kingdom,794008,787610,0.0081,6398,grew
34.5797531,105.7062921,Tianshui,710,China,790461,765372,0.0328,25089,grew
40.7515443,120.8404789,Huludao,711,China,790403,775322,0.0195,15081,grew
19.5408338,-96.9146374,Xalapa,712,Mexico,787349,775620,0.0151,11729,grew
28.0159286,73.3171367,Bikaner,713,India,786652,771878,0.0191,14774,grew
50.1106444,8.6820917,Frankfurt,714,Germany,784780,777156,0.0098,7624,grew
27.5611227,109.963365,Huaihua,715,China,784323,751803,0.0433,32520,grew
15.2241917,101.9313754,Nakhon Ratchasima,716,Thailand,783180,774022,0.0118,9158,grew
-26.6747222,27.9261111,Vereeniging,717,South Africa,779530,774031,0.0071,5499,grew
36.4441808,115.9642007,Liaocheng,718,China,778562,760885,0.0232,17677,grew
47.6038321,-122.3300624,Seattle,719,United States,776555,765115,0.015,11440,grew
35.2075729,113.2533977,Jiaozuo,720,China,775685,766770,0.0116,8915,grew
33.8579594,115.772453,Bozhou,721,China,773217,742150,0.0419,31067,grew
14.4493717,79.9873763,Nellore,722,India,772941,751034,0.0292,21907,grew
43.2560802,-79.8728583,Hamilton,723,Canada,770976,766688,0.0056,4288,grew
40.8006696,29.431767,Gebze,724,Turkey,769633,744674,0.0335,24959,grew
32.1738588,120.0466771,Taixing,726,China,769620,747588,0.0295,22032,grew
8.4756417,124.6421532,Cagayan de Oro City,725,Philippines,769620,753138,0.0219,16482,grew
50.0619474,19.9368564,Krakow,727,Poland,769307,768731,0.0007,576,grew
31.3869323,120.9764683,Kunshan,728,China,769021,737654,0.0425,31367,grew
24.8136095,113.5922116,Shaoguan,729,China,767557,761249,0.0083,6308,grew
26.6711433,83.3645724,Gorakhpur,730,India,766646,758214,0.0111,8432,grew
14.3270819,120.9370871,Dasmarinas,731,Philippines,765742,747208,0.0248,18534,grew
21.1545412,77.6442962,Amravati,732,India,764645,752189,0.0166,12456,grew
35.493783,112.8519862,Jincheng,733,China,763554,733879,0.0404,29675,grew
39.5128345,116.6997446,Langfang,734,China,763320,739632,0.032,23688,grew
43.6908432,0.7735233,Ansan,735,South Korea,762698,760764,0.0025,1934,grew
24.9304741,50.9776888,Ar-Rayyan,736,Qatar,759174,737903,0.0288,21271,grew
35.5574725,45.435202,Sulaimaniya,737,Iraq,758795,739182,0.0265,19613,grew
20.4686,85.8792,Cuttack,738,India,751859,742011,0.0133,9848,grew
31.263235,32.305505,Bur Sa'id,739,Egypt,750373,737000,0.0181,13373,grew
39.7392364,-104.9848623,Denver,740,United States,749103,738157,0.0148,10946,grew
30.079061,103.8458201,Meishan,741,China,748981,723267,0.0356,25714,grew
33.0115818,114.0164565,Zhumadian,742,China,747329,716002,0.0438,31327,grew
29.3419256,104.7761224,Zigong,743,China,746711,737291,0.0128,9420,grew
-12.9104657,14.0356608,Benguela,744,Angola,745372,715130,0.0423,30242,grew
36.3654065,119.8005385,Gaomi,745,China,745055,716261,0.0402,28794,grew
30.6592336,116.6302585,Anqing,746,China,744768,726950,0.0245,17818,grew
23.6832984,113.0505994,Qingyuan,747,China,744726,734856,0.0134,9870,grew
-3.3187496,114.5925828,Banjarmasin,748,Indonesia,744334,732005,0.0168,12329,grew
30.6751205,113.8323146,Hanchuan,749,China,743610,715218,0.0397,28392,grew
32.0109736,119.6012702,Danyang,750,China,743482,718649,0.0346,24833,grew
29.4480063,77.740685,Muzaffarnagar,751,India,742227,716748,0.0355,25479,grew
7.802355,6.7430327,Lokoja,752,Nigeria,741482,692050,0.0714,49432,grew
32.6450475,130.6341345,Kumamoto,753,Japan,741455,742612,-0.0016,1157,declined
9.6287383,76.6455326,Kottayam,754,India,739212,696061,0.062,43151,grew
15.8572666,74.5069343,Belgaum,755,India,738074,724747,0.0184,13327,grew
32.0668425,36.0885771,Zarqa,756,Jordan,737085,729220,0.0108,7865,grew
11.0248119,7.6518533,Zaria,757,Nigeria,736098,726172,0.0137,9926,grew
53.3806626,-1.4702278,Sheffield,758,United Kingdom,735292,730158,0.007,5134,grew
-6.0999443,39.3209443,Zanzibar,759,Tanzania,734832,705078,0.0422,29754,grew
31.5128679,34.4581358,Gaza,760,Palestine,734547,713621,0.0293,20926,grew
41.6521342,-0.8809428,Zaragoza,761,Spain,733825,730828,0.0041,2997,grew
28.8602058,121.1419179,Linhai,762,China,732334,708981,0.0329,23353,grew
47.8507859,35.1182867,Zaporizhzhya,763,Ukraine,731984,736167,-0.0057,4183,declined
20.5902502,74.5714979,Malegaon,764,India,731493,715605,0.0222,15888,grew
-23.1860383,-45.8866816,Sao Jose dos Campos,765,Brazil,731481,721795,0.0134,9686,grew
7.7791666,4.5538891,Oshogbo,766,Nigeria,730529,713677,0.0236,16852,grew
39.604,109.785,Ordos City,767,China,730229,706657,0.0334,23572,grew
26.958944,111.283087,Shaoyang,768,China,729522,713559,0.0224,15963,grew
9.172188,76.5008685,Kayamkulam,769,India,726675,694892,0.0457,31783,grew
46.8087794,130.3734556,Jiamusi,770,China,726622,715965,0.0149,10657,grew
12.8698101,74.8430082,Mangalore,771,India,724159,713357,0.0151,10802,grew
34.6553944,133.9194595,Okayama,772,Japan,724157,724696,-0.0007,539,declined
-21.178333,-47.8066671,Ribeirao Preto,773,Brazil,724044,714111,0.0139,9933,grew
34.3075655,108.7234362,Xianyang Shaanxi,774,China,723612,715007,0.012,8605,grew
1.5557893,30.2519376,Bunia,775,DR Congo,723276,679418,0.0646,43858,grew
49.841952,24.0315921,Lviv,776,Ukraine,722476,723758,-0.0018,1282,declined
37.2793607,49.5846102,Rasht,777,Iran,722026,712715,0.0131,9311,grew
36.4794705,119.2129818,Anqiu,778,China,721402,682299,0.0573,39103,grew
43.6428995,122.2558324,Tongliao,779,China,720662,702280,0.0262,18382,grew
36.6421169,127.4891742,Cheongju,780,South Korea,720584,717027,0.005,3557,grew
32.4935378,74.5411575,Sialkot,781,Pakistan,720439,705121,0.0217,15318,grew
9.7452286,-63.1799873,Maturin,782,Venezuela,717788,694716,0.0332,23072,grew
44.23052,-91.864325,Buffalo City,783,South Africa,717067,708559,0.012,8508,grew
26.5860102,101.7179276,Panzhihua,784,China,716878,707134,0.0138,9744,grew
30.5061493,105.574542,Suining Sichuan,785,China,716754,699679,0.0244,17075,grew
42.8888552,129.5008425,Yanji,786,China,716660,695165,0.0309,21495,grew
30.9474457,117.8057282,Tongling,787,China,715946,696639,0.0277,19307,grew
23.5715402,111.0139268,Wuzhou,788,China,715472,696630,0.027,18842,grew
17.0604663,-96.7253575,Oaxaca de Juarez,789,Mexico,714983,704559,0.0148,10424,grew
38.8950368,-77.0365427,Washington,790,United States,714153,709951,0.0059,4202,grew
32.0898005,72.6782574,Sargodha,791,Pakistan,712961,700095,0.0184,12866,grew
21.7718836,72.1416449,Bhavnagar,792,India,711625,700367,0.0161,11258,grew
-28.0023731,153.4145987,Gold Coast,793,Australia,710650,699226,0.0163,11424,grew
36.5853932,109.4828549,Yan'an,794,China,710029,678619,0.0463,31410,grew
-12.8104186,28.2068361,Kitwe,795,Zambia,709854,685908,0.0349,23946,grew
43.7698712,11.2555757,Florence,796,Italy,709064,708357,0.001,707,grew
32.7185614,74.8580917,Jammu,797,India,708612,702085,0.0093,6527,grew
38.2851657,109.7290619,Yulin Shaanxi,798,China,706571,695614,0.0158,10957,grew
19.169335,77.311013,Nanded Waghala,799,India,705667,689771,0.023,15896,grew
31.216036,107.5027564,Dazhou,800,China,705321,682342,0.0337,22979,grew
13.6316368,79.4231711,Tirupati,801,India,704615,679456,0.037,25159,grew
14.4589855,120.9398889,Bacoor,802,Philippines,704334,686398,0.0261,17936,grew
-9.535332,16.9364293,Malanje,803,Angola,704271,665150,0.0588,39121,grew
32.6880537,112.0818901,Dengzhou,804,China,703922,673626,0.045,30296,grew
52.0799838,4.3113461,The Hague,805,Netherlands,703588,697564,0.0086,6024,grew
25.0767425,117.0123483,Longyan,806,China,703524,691987,0.0167,11537,grew
35.027637,111.002141,Yuncheng,807,China,703194,675082,0.0416,28112,grew
37.3886303,-5.9953403,Seville,808,Spain,702386,703790,-0.002,1404,declined
6.3676953,2.4252507,Cotonou,809,Benin,698868,691949,0.01,6919,grew
32.8536216,120.3122464,Dongtai,810,China,698218,676996,0.0313,21222,grew
53.51495,49.407574,Tolyatti,811,Russia,696889,700252,-0.0048,3363,declined
-25.1076701,-64.3494964,Salta,812,Argentina,696715,684751,0.0175,11964,grew
42.222633,-7.9049545,Merca,813,Somalia,696510,666370,0.0452,30140,grew
48.8588897,2.320041,Bali,814,Indonesia,695940,682065,0.0203,13875,grew
30.0393082,121.1501449,Yuyao,815,China,695704,678841,0.0248,16863,grew
42.3602534,-71.0582912,Boston,816,United States,695506,694053,0.0021,1453,grew
-18.9188041,-48.2767837,Uberlandia,817,Brazil,695461,686896,0.0125,8565,grew
21.270278,40.415833,Taif,818,Saudi Arabia,694894,688693,0.009,6201,grew
30.9182867,111.9278808,Yuxi,819,China,693811,662863,0.0467,30948,grew
17.9640988,102.6133707,Vientiane,820,Laos,693594,682542,0.0162,11052,grew
51.4538022,-2.5972985,Bristol,821,United Kingdom,693552,686210,0.0107,7342,grew
-9.0478679,-70.5264976,Akure,822,Nigeria,690533,665524,0.0376,25009,grew
14.1419291,44.1389849,Ibb,823,Yemen,690456,648889,0.0641,41567,grew
20.5218445,-100.8139609,Celaya,824,Mexico,689735,680971,0.0129,8764,grew
14.7978677,42.9544872,Al-Hudaydah,825,Yemen,689640,668899,0.031,20741,grew
36.8150283,127.1140654,Cheonan,826,South Korea,688543,679802,0.0129,8741,grew
-23.1887668,-46.884506,Jundiai,827,Brazil,688192,678521,0.0143,9671,grew
17.166667,77.083333,Gulbarga,828,India,687882,673027,0.0221,14855,grew
-12.6076318,15.7411039,Huambo,829,Angola,687795,671413,0.0244,16382,grew
45.4077172,11.8734455,Padova,830,Italy,687698,683604,0.006,4094,grew
23.5350475,87.3380425,Durgapur,831,India,686568,675384,0.0166,11184,grew
15.8309251,78.0425373,Kurnool,832,India,685818,665186,0.031,20632,grew
31.7754152,-106.464634,El Paso,833,United States,685434,683581,0.0027,1853,grew
47.2186371,-1.5541362,Nantes,834,France,685377,677766,0.0112,7611,grew
26.331667,43.971667,Buraydah,835,Saudi Arabia,684626,668775,0.0237,15851,grew
45.8131847,15.9771774,Zagreb,836,Croatia,684524,684878,-0.0005,354,declined
31.8782976,120.5514595,Zhangjiagang,837,China,683500,656036,0.0419,27464,grew
-0.0226903,109.3447488,Pontianak,838,Indonesia,680655,667910,0.0191,12745,grew
44.6173543,27.314991,Amara,839,Iraq,680156,655663,0.0374,24493,grew
50.6451381,5.5734203,Liege,840,Belgium,679895,677589,0.0034,2306,grew
31.4590371,121.1264772,Taicang,841,China,679623,654441,0.0385,25182,grew
36.1622767,-86.7742984,Nashville,842,United States,678448,674634,0.0057,3814,grew
44.40726,8.9338624,Genoa,843,Italy,677222,679613,-0.0035,2391,declined
30.3925379,114.8898988,Ezhou,844,China,676600,668405,0.0123,8195,grew
9.8694792,-83.7980749,Santiago,845,Dominican Republic,672272,664575,0.0116,7697,grew
-37.9977225,-57.5482703,Mar Del Plata,846,Argentina,672116,665707,0.0096,6409,grew
9.4051992,-0.8423986,Tamale,847,Ghana,671812,641911,0.0466,29901,grew
33.6306299,114.6423617,Zhoukou,848,China,671419,650060,0.0329,21359,grew
51.7687323,19.4569911,Lodz,849,Poland,671395,676830,-0.008,5435,declined
-1.6665685,29.225652,Goma,850,DR Congo,670218,634197,0.0568,36021,grew
35.4729886,-97.5170536,Oklahoma City,851,United States,669347,662202,0.0108,7145,grew
35.5200185,35.7781044,Lattakia,852,Syria,668809,655714,0.02,13095,grew
36.1672559,-115.148516,Las Vegas,853,United States,667501,659410,0.0123,8091,grew
28.3251866,37.6328648,Tabuk,854,Saudi Arabia,667155,657277,0.015,9878,grew
32.7165184,108.9912989,Ankang,855,China,666656,636293,0.0477,30363,grew
6.112331,125.1717145,General Santos City,856,Philippines,665418,652723,0.0194,12695,grew
38.7063767,116.1062203,Renqiu,857,China,664262,640271,0.0375,23991,grew
42.3315509,-83.0466403,Detroit,858,United States,664139,667085,-0.0044,2946,declined
26.2235041,50.5822436,Manama,859,Bahrain,663893,634508,0.0463,29385,grew
27.6995215,111.9890658,Loudi,860,China,663765,639167,0.0385,24598,grew
35.8242715,127.1480657,Jeonju,861,South Korea,663607,663145,0.0007,462,grew
27.2858633,105.2865997,Bijie,862,China,662697,637795,0.039,24902,grew
45.5202471,-122.6741949,Portland,863,United States,662549,658645,0.0059,3904,grew
13.0611195,5.3152203,Sokoto,864,Nigeria,662173,641249,0.0326,20924,grew
21.9647835,108.620787,Qinzhou,865,China,661953,644359,0.0273,17594,grew
22.1757605,113.5514142,Macao,866,Macau,661838,651875,0.0153,9963,grew
41.2946149,36.3320596,Samsun,867,Turkey,660863,642592,0.0284,18271,grew
37.7733197,29.0869273,Denizli,868,Turkey,660643,644782,0.0246,15861,grew
29.9873344,122.2030363,Zhoushan,869,China,659777,647419,0.0191,12358,grew
45.6119057,8.8520522,Busto Arsizio,870,Italy,657698,654258,0.0053,3440,grew
30.6316971,120.5610365,Tongxiang,871,China,656136,629527,0.0423,26609,grew
24.4490237,117.8132438,Longhai,872,China,655081,631203,0.0378,23878,grew
35.7631348,115.0234071,Puyang,873,China,654261,632347,0.0347,21914,grew
24.3705146,111.3590955,Hezhou,874,China,654185,625304,0.0462,28881,grew
25.5310311,78.652689,Jhansi,875,India,653879,642709,0.0174,11170,grew
29.5827203,105.0544575,Neijiang,876,China,653866,645874,0.0124,7992,grew
56.866557,53.2094166,Izhevsk,877,Russia,651601,651338,0.0004,263,grew
35.1490215,-90.0516285,Memphis,878,United States,651011,651042,0,31,declined
22.4732415,70.0552102,Jamnagar,879,India,650977,644738,0.0097,6239,grew
13.322312,43.252987,As-Suways,880,Egypt,649368,638229,0.0175,11139,grew
11.3692044,77.6766269,Erode,881,India,647988,634977,0.0205,13011,grew
25.2856329,51.5264162,Doha,882,Qatar,646177,641380,0.0075,4797,grew
20.1165413,-98.7413535,Pachuca de Soto,883,Mexico,646101,633453,0.02,12648,grew
31.8729183,121.1771295,Haimen,884,China,645598,626067,0.0312,19531,grew
41.7829291,129.7825241,Chongjin,885,North Korea,645488,642447,0.0047,3041,grew
-6.766417,-79.8408308,Chiclayo,886,Peru,645366,637255,0.0127,8111,grew
39.6540161,106.7879045,Wuhai,887,China,644895,630295,0.0232,14600,grew
47.3355856,130.2836718,Hegang,888,China,644894,638855,0.0095,6039,grew
18.2534658,109.5034392,Sanya,889,China,644727,625290,0.0311,19437,grew
31.2457442,34.7925181,Be'er Sheva,890,Israel,644278,637539,0.0106,6739,grew
24.833333,-104.833333,Durango,891,Mexico,642750,630982,0.0187,11768,grew
23.6579595,86.0839161,Bokaro Steel City,892,India,642145,633551,0.0136,8594,grew
51.1263106,16.9781963,Wroclaw,893,Poland,642085,641401,0.0011,684,grew
52.289597,104.280586,Irkutsk,894,Russia,641504,638843,0.0042,2661,grew
53.347402,83.7784496,Barnaul,895,Russia,640396,639783,0.001,613,grew
19.7540045,96.1344976,Nay Pyi Taw,896,Myanmar,639759,593596,0.0778,46163,grew
-20.1560599,28.5887063,Bulawayo,897,Zimbabwe,639722,638188,0.0024,1534,grew
28.8101339,113.0613336,Miluo,898,China,639015,604159,0.0577,34856,grew
45.4371908,12.3345898,Venezia,899,Italy,638264,637245,0.0016,1019,grew
-1.611572,102.779699,Jambi,900,Indonesia,637037,626192,0.0173,10845,grew
25.2689153,55.3152795,Safaqis,901,Tunisia,636613,630175,0.0102,6438,grew
48.481403,135.076935,Khabarovsk,902,Russia,636254,633151,0.0049,3103,grew
34.3508273,62.2164003,Herat,903,Afghanistan,635579,605575,0.0495,30004,grew
51.2254018,6.7763137,Duesseldorf,904,Germany,635046,631942,0.0049,3104,grew
54.596391,-5.9301829,Belfast,905,United Kingdom,634594,630632,0.0063,3962,grew
31.0440068,46.2575523,Nasiriyah,906,Iraq,634492,616994,0.0284,17498,grew
48.7784485,9.1800132,Stuttgart,907,Germany,633808,632692,0.0018,1116,grew
45.4384958,10.9924122,Verona,908,Italy,633128,629658,0.0055,3470,grew
22.2142849,84.8724369,Raurkela,909,India,631310,622636,0.0139,8674,grew
32.6075,43.910833,Jubayl,910,Saudi Arabia,631060,605743,0.0418,25317,grew
56.9493977,24.1051846,Riga,911,Latvia,627763,630692,-0.0046,2929,declined
27.1793466,56.2781423,Bandar Abbas,912,Iran,627174,606633,0.0339,20541,grew
16.7028412,74.2405329,Kolhapur,913,India,626791,619358,0.012,7433,grew
10.6762836,122.9513786,Bacolod,914,Philippines,624783,613437,0.0185,11346,grew
45.649723,9.2053919,Seregno,915,Italy,624706,619871,0.0078,4835,grew
54.3107593,48.3642771,Ulyanovsk,916,Russia,624103,624896,-0.0013,793,declined
-3.1982504,29.0071409,Uvira,917,DR Congo,622862,589731,0.0562,33131,grew
24.2258413,55.7474052,Al-Ain,918,United Arab Emirates,622675,610887,0.0193,11788,grew
41.1257843,16.8620293,Bari,919,Italy,622590,622377,0.0003,213,grew
22.6570263,110.1765019,Yulin Guangxi,920,China,622115,613668,0.0138,8447,grew
26.4691,74.639,Ajmer,921,India,621505,613617,0.0129,7888,grew
1.5574127,110.3439862,Kuching,922,Malaysia,621114,611566,0.0156,9548,grew
11.861324,-15.583055,Bissau,923,Guinea-Bissau,620974,599714,0.0355,21260,grew
10.6228284,10.0287754,Bauchi,924,Nigeria,620800,597679,0.0387,23121,grew
46.2017559,6.1466014,Geneva,925,Switzerland,620131,613373,0.011,6758,grew
30.2745483,109.4833079,Enshi,926,China,619178,586667,0.0554,32511,grew
26.254911,105.9437773,Anshun,927,China,619116,600121,0.0317,18995,grew
6.9387469,79.8541134,Colombo,928,Sri Lanka,619001,612535,0.0106,6466,grew
23.4423808,112.6997273,Sihui,929,China,618859,591080,0.047,27779,grew
33.069049,107.018889,Hanzhong,930,China,618109,605327,0.0211,12782,grew
23.1885131,75.7716562,Ujjain,931,India,617812,607055,0.0177,10757,grew
57.7072326,11.9670171,Gothenburg,932,Sweden,617781,610521,0.0119,7260,grew
37.6866796,112.7383414,Jinzhong,933,China,617236,599611,0.0294,17625,grew
30.2090874,76.3398721,Patiala,934,India,616590,599186,0.029,17404,grew
29.4928874,60.8503017,Zahedan,935,Iran,616511,609873,0.0109,6638,grew
28.8680526,79.298385,Bilaspur,936,India,616394,599812,0.0276,16582,grew
38.2542376,-85.759407,Louisville,937,United States,615924,616781,-0.0014,857,declined
14.8110432,121.0491569,San Jose del Monte,938,Philippines,615815,607692,0.0134,8123,grew
15.239041,44.145513,Hillah,939,Iraq,615167,604149,0.0182,11018,grew
47.9102734,33.3917703,Kryvyi Rih,940,Ukraine,613696,618706,-0.0081,5010,declined
57.6263877,39.8933705,Yaroslavl,941,Russia,612502,612365,0.0002,137,grew
50.8214626,-0.1400561,Brighton,942,United Kingdom,612159,606909,0.0087,5250,grew
-12.2578934,-38.9598047,Feira De Santana,943,Brazil,609939,602128,0.013,7811,grew
43.1150678,131.8855768,Vladivostok,944,Russia,609632,609754,-0.0002,122,declined
23.4610615,91.1808748,Comilla,945,Bangladesh,609345,588772,0.0349,20573,grew
19.416667,-98.166667,Tlaxcala,946,Mexico,606590,596362,0.0172,10228,grew
43.1669821,124.364739,Siping,947,China,604724,594482,0.0172,10242,grew
39.9815552,117.0714873,Sanhe,948,China,604549,576241,0.0491,28308,grew
4.9795999,8.3373597,Calabar,949,Nigeria,604546,579273,0.0436,25273,grew
27.633333,77.583333,Mathura,950,India,603301,588334,0.0254,14967,grew
6.3208897,8.1133202,Abakaliki,951,Nigeria,601712,572028,0.0519,29684,grew
34.5307313,113.3761237,Xinmi,952,China,600980,575696,0.0439,25284,grew
41.9960924,21.4316495,Skopje,953,North Macedonia,600708,595275,0.0091,5433,grew
42.9830241,47.5048717,Makhachkala,954,Russia,600541,599792,0.0012,749,grew
58.6124279,82.0475315,Tomsk,955,Russia,600254,595642,0.0077,4612,grew
32.0165721,120.2693683,Jingjiang,956,China,599221,577513,0.0376,21708,grew
24.7337639,118.6439351,Shishi,957,China,598547,585317,0.0226,13230,grew
25.6301525,119.3756376,Fuqing,958,China,597698,584631,0.0224,13067,grew
37.2595198,39.0408174,Sanliurfa,959,Turkey,596713,590522,0.0105,6191,grew
51.3406321,12.3747329,Leipzig,960,Germany,596230,591052,0.0088,5178,grew
23.8312377,91.2823821,Agartala,961,India,595210,575073,0.035,20137,grew
30.3635622,113.4170705,Xiantao,962,China,594155,588540,0.0095,5615,grew
47.7231316,128.8785919,Yichun Heilongjiang,963,China,593871,598465,-0.0077,4594,declined
24.7991162,93.9364419,Imphal,964,India,593524,575625,0.0311,17899,grew
30.0981854,114.9747162,Daye,965,China,592972,578374,0.0252,14598,grew
-8.9740144,33.3915834,Mbeya,966,Tanzania,592579,566065,0.0468,26514,grew
22.9212029,110.9898501,Cenxi,967,China,592553,565509,0.0478,27044,grew
17.9712148,-76.7928128,Kingston,968,Jamaica,592477,590940,0.0026,1537,grew
16.8502534,74.5948885,Sangli,969,India,592117,583629,0.0145,8488,grew
-15.5986686,-56.0991301,Cuiaba,970,Brazil,591522,588566,0.005,2956,grew
39.6550017,66.9756954,Samarkand,971,Uzbekistan,591252,578762,0.0216,12490,grew
36.7213028,-4.4216366,Malaga,972,Spain,591091,590032,0.0018,1059,grew
4.4386453,-75.2105974,Ibague,973,Colombia,590686,586187,0.0077,4499,grew
51.5142273,7.4652789,Dortmund,974,Germany,589748,589600,0.0003,148,grew
31.521587,130.5474077,Kagoshima,975,Japan,588413,591042,-0.0044,2629,declined
10.395075,-71.4414049,Cabimas,976,Venezuela,588348,578222,0.0175,10126,grew
45.7700345,131.0074987,Qitaihe,977,China,588212,578992,0.0159,9220,grew
43.0349931,-87.922497,Milwaukee,978,United States,587721,588939,-0.0021,1218,declined
37.5023612,15.0873718,Catania,979,Italy,586049,585877,0.0003,172,grew
13.5708192,100.2585874,Samut Sakhon,980,Thailand,585964,578273,0.0133,7691,grew
-10.9891601,26.7397418,Likasi,981,DR Congo,585678,567839,0.0314,17839,grew
-19.828707,34.841782,Beira,982,Mozambique,584989,569911,0.0265,15078,grew
34.973321,48.6555779,Hamadan,983,Iran,584645,577808,0.0118,6837,grew
39.3307915,112.4235469,Shuozhou,984,China,584272,563456,0.0369,20816,grew
41.7225544,125.9170455,Tonghua,985,China,584209,572967,0.0196,11242,grew
11.8145966,42.8453061,Djibouti,986,Djibouti,583695,576157,0.0131,7538,grew
51.4582235,7.0158171,Essen,987,Germany,581579,582128,-0.0009,549,declined
43.1257311,5.9304919,Toulon,988,France,581264,579095,0.0037,2169,grew
51.0493286,13.7381437,Dresden,989,Germany,580877,575476,0.0094,5401,grew
-21.7609533,-43.3501129,Juiz De Fora,990,Brazil,580874,575481,0.0094,5393,grew
7.6906058,-5.0298408,Bouake,991,Ivory Coast,580586,571876,0.0152,8710,grew
4.8142613,-75.6946776,Pereira,992,Colombia,580225,579620,0.001,605,grew
24.578721,73.6862571,Udaipur,993,India,580191,569224,0.0193,10967,grew
34.7678842,111.1908398,Sanmenxia,994,China,579273,561369,0.0319,17904,grew
12.7948109,79.0006411,Vellore,995,India,578956,569048,0.0174,9908,grew
29.2908082,120.2366509,Dongyang,996,China,578734,566083,0.0223,12651,grew
38.4583983,47.9313001,Ardabil,997,Iran,578222,567912,0.0182,10310,grew
8.7567452,78.0797527,Thoothukkudi,998,India,577945,560930,0.0303,17015,grew
-29.116395,26.215496,Bloemfontein,999,South Africa,577560,567029,0.0186,10531,grew
22.4277951,111.1032678,Xinyi,1000,China,577474,559613,0.0319,17861,grew